folder,file,size_bytes,md5_12
.,0_setup.bat,1065,a83d2ae13a1c
.,1_build_database.bat,2153,6d14c5c5be2a
.,2_build_tool.bat,1829,ffaccbaf5712
.,README.md,5812,1d9ed1017b69
.,r_dependencies.R,216,01a04c26d74f
.,requirements.txt,69,fbb3aa7ad03e
config,indicators.csv,14166,50f1014de7a6
config,sources.csv,5072,1ab9cac3fd91
raw_data,2024-PPI-Full-DTA.dta,14540870,95edd13b2a15
raw_data,API_EG_IMP_CONS_ZS_DS2_en_csv_v2_160768.zip,69501,169d40b0a853
raw_data,API_GC_XPN_INTP_RV_ZS_DS2_EN_csv_v2_89064.zip,63775,aa90767f330f
raw_data,API_NY_GDP_COAL_RT_ZS_DS2_en_csv_v2_35370.zip,63002,ce4ee8abc48a
raw_data,API_NY_GDP_MKTP_CD_DS2_EN_csv_v2_45471.zip,141963,ee7a55eae9a7
raw_data,API_NY_GDP_NGAS_RT_ZS_DS2_en_csv_v2_35861.zip,71714,9f7db1c2683f
raw_data,API_NY_GDP_PETR_RT_ZS_DS2_en_csv_v2_40227.zip,78315,eb7b636450cf
raw_data,API_TM_VAL_FUEL_ZS_UN_DS2_en_csv_v2_36140.zip,102985,5d565bcd60eb
raw_data,API_TX_VAL_FUEL_ZS_UN_DS2_en_csv_v2_33055.zip,98728,75c6d0ca17d8
raw_data,CRDF-RP_2024.xlsx,9326618,2e3ecff89447
raw_data,CofCObservatoryData.xlsx,104606,006aa21c50f5
raw_data,IRENA_Cost_of_financing_renewable_power_Appendix_2023.pdf,442755,f2a27c393d57
raw_data,P_Data_Extract_From_International_Debt_Statistics__2_.xlsx,170823,bbd0b6d32ca2
raw_data,SteffenEtAl2025_WACC_database.csv,373232,5fcfe5c81664
raw_data,UNDP-Global-Climate-Public-Finance-Review-2022.pdf,28980107,73a5bf805ff0
raw_data,WB_BOOST_WIDEF.csv,3166980,feb6dd34f8aa
raw_data,WB_RISE_WIDEF.csv,963019,6e74a852004a
raw_data,assessments_1787749571.csv,36798,c346adb41659
raw_data,dataset_2026-08-26T13_41_09_874550254Z_DEFAULT_INTEGRATION_IMF_RES_WEO_9_0_0.csv,1958092,113ab2622e5f
raw_data,dataverse_files.zip,3937371,60f4bd4768da
raw_data,imffossilfuelsubsidiesdata.xlsb,9709591,455d64b7f662
raw_data,release_generation_yearly_global.csv,16059637,0f05f758f6cd
raw_data,world-imf2026.xlsx,2103214,88e86a556d86
raw_data_not_used,CRDF-PP_2024.xlsx,7652045,28bd27ee2998
raw_data_not_used,CRDF-RP_all_years_2000-2024.xlsx,70538788,320b3d9b015a
raw_data_not_used,P_Data_Extract_From_International_Debt_Statistics__1_.xlsx,9163,8eadbfb57296
raw_data_not_used,UNUWIDERGRD_2025.xlsx,9732352,15810d12e2d6
raw_data_not_used,assessments_1787749635.csv,2741,2535a871bab3
raw_data_not_used,dataset_2026-08-26T13_03_47_684271369Z_DEFAULT_INTEGRATION_IMF_FAD_ICSD_1_0_0.csv,5855983,5905042615be
raw_data_not_used,rethinking_cost-recovery.xlsx,4903229,ca593fc68599
raw_data_not_used,rethinking_reforms_data.xlsx,164358,5b593b8e343e
raw_data_not_used,rethinking_regulation_data.xlsx,430262,899c53cdbc6f
raw_data_not_used,rethinking_utilities_data.xlsx,602608,e19c03257914
raw_data_not_used,rethinking_utilities_governance_index.xlsx,214750,378c0f28165f
raw_data_not_used,rethinking_utilities_index-restructuringprivatisation.xlsx,51054,504d55de7902
scripts,build_dashboard.py,20031,7d6df6ab6331
scripts,build_global_indicators.R,33211,f2d359650146
scripts,build_global_indicators.py,37282,ac96c17a0049
