order,block,block_theme,block_question,block_subtitle,block_fill,block_font,code,label,area,direction,eval_scale,score_flag,indent,headline,source_label
1,Fiscal,Fiscal space,Can they pay for it?,Debt service and revenue capacity,D6E4F0,2E5C8A,interest_to_revenue_pct,"Interest-to-revenue, general govt (%)",Debt service burden,High = worse,GMB,-1,0,1,IMF WEO (derived)
2,Fiscal,Fiscal space,Can they pay for it?,Debt service and revenue capacity,D6E4F0,2E5C8A,gross_debt_pct_gdp,"Gross debt, general govt (% GDP)",Fiscal space,High = worse,GMB,-1,0,0,IMF WEO
3,Fiscal,Fiscal space,Can they pay for it?,Debt service and revenue capacity,D6E4F0,2E5C8A,tax_revenue_pct_gdp,Tax revenue (% GDP),Revenue capacity,High = better,GMB,1,0,0,IMF WoRLD 2026
4,PIMA,Delivery,Can they build it?,Execution capacity and institutions,E0DCEC,5B4B8A,capex_execution_rate_pct,Capital budget execution rate (%),Delivery capacity,High = better (>100 worse),GMB,1,0,1,World Bank BOOST
5,PIMA,Delivery,Can they build it?,Execution capacity and institutions,E0DCEC,5B4B8A,pefa_pi11_pim_score,"PEFA PI-11, public investment management (1-4)",PIM quality,High = better,GMB,1,0,0,PEFA 2016 framework
6,PIMA,Delivery,Can they build it?,Execution capacity and institutions,E0DCEC,5B4B8A,pefa_pi122_asset_monitoring,"PEFA PI-12.2, asset monitoring (1-4)",Asset management,High = better,GMB,1,0,0,PEFA 2016 framework
7,PIMA,Delivery,Can they build it?,Execution capacity and institutions,E0DCEC,5B4B8A,climate_pfm_diagnostic_on_record,Climate-PFM diagnostic on record (0/1),Institutional history,High = better,GMB,1,0,0,UNDP Global Climate PFR 2022
8,Finance 1,Cost of capital,What does capital cost them?,Project WACC and borrowing terms,F4DADA,9A3B3B,wacc_solar_real_aftertax_pct,"WACC, solar PV, real after-tax (%)",RE cost of capital,High = worse,GMB,-1,0,1,"IRENA (2022), ref. yr 2021"
9,Finance 1,Cost of capital,What does capital cost them?,Project WACC and borrowing terms,F4DADA,9A3B3B,wacc_steffen_nominal_aftertax_pct,cross-check: WACC nominal after-tax (%),RE cost of capital,High = worse,GMB,-1,1,0,Steffen et al. (2025)
10,Finance 1,Cost of capital,What does capital cost them?,Project WACC and borrowing terms,F4DADA,9A3B3B,wacc_n_sources,cross-check: WACC evidence strength (0-3),"Data quality, not performance",Not evaluated,,0,1,0,IRENA / Steffen / IEA
11,Finance 1,Cost of capital,What does capital cost them?,Project WACC and borrowing terms,F4DADA,9A3B3B,wacc_iea_observatory_available,cross-check: IEA Observatory available (0/1),"Data quality, not performance",Not evaluated,,0,1,0,IEA CofC Observatory
12,Finance 1,Cost of capital,What does capital cost them?,Project WACC and borrowing terms,F4DADA,9A3B3B,ids_official_private_rate_spread_pp,Official-private rate spread (pp),Value of a guarantee,High = worse,GMB,-1,0,0,IDS DT.INR.PRVT less OFFT
13,Finance 1,Cost of capital,What does capital cost them?,Project WACC and borrowing terms,F4DADA,9A3B3B,ids_private_creditor_rate_pct,Private creditor interest rate (%),Market cost of borrowing,High = worse,GMB,-1,0,0,IDS DT.INR.PRVT
14,Finance 1,Cost of capital,What does capital cost them?,Project WACC and borrowing terms,F4DADA,9A3B3B,ids_avg_maturity_years,"Avg maturity, new commitments (yrs)",Borrowing terms,High = better,GMB,1,0,0,IDS DT.MAT.DPPG
15,Finance 2,Financing and risk,"Who finances it, and what risk does the budget carry?","Creditors, exposure and mobilisation",DCE3E8,3F5566,mitigation_finance_received_pct_gdp,Mitigation finance received (% GDP),Climate finance inflows,High = more inflows,HML,1,0,1,OECD CRDF (recipient) + WEO
16,Finance 2,Financing and risk,"Who finances it, and what risk does the budget carry?","Creditors, exposure and mobilisation",DCE3E8,3F5566,ids_multilateral_share_pct,Multilateral share of PPG debt (%),Creditor mix - triage,High = more concessional,HML,1,0,0,IDS DT.DOD.MLAT/DPPG
17,Finance 2,Financing and risk,"Who finances it, and what risk does the budget carry?","Creditors, exposure and mobilisation",DCE3E8,3F5566,ids_private_creditor_share_pct,Private creditor share of PPG debt (%),Creditor mix - triage,High = more market-financed,HML,1,0,0,IDS DT.DOD.PRVT/DPPG
18,Finance 2,Financing and risk,"Who finances it, and what risk does the budget carry?","Creditors, exposure and mobilisation",DCE3E8,3F5566,ids_usd_share_ppg_debt_pct,USD share of PPG debt (%),FX exposure,High = worse,GMB,-1,0,0,IDS DT.CUR.USDL.ZS
19,Finance 2,Financing and risk,"Who finances it, and what risk does the budget carry?","Creditors, exposure and mobilisation",DCE3E8,3F5566,pefa_pi103_contingent_liabilities,"PEFA PI-10.3, contingent liabilities (1-4)",Fiscal risk disclosure,High = better,GMB,1,0,0,PEFA 2016 framework
20,Finance 2,Financing and risk,"Who finances it, and what risk does the budget carry?","Creditors, exposure and mobilisation",DCE3E8,3F5566,ppi_commitments_pct_gdp,PPI investment commitments (% GDP),Private mobilisation,High = better,GMB,1,0,0,World Bank PPI + WEO
21,Context 1,Fossil and climate fiscal,How much fossil and climate money runs through the budget?,"Energy taxes levied, subsidies paid, environment spending",FBE0C8,A65A20,excise_revenue_pct_of_revenue,Excise revenue (% of total revenue),Energy tax already levied,High = more already taxed,HML,1,0,1,IMF WoRLD 2026
22,Context 1,Fossil and climate fiscal,How much fossil and climate money runs through the budget?,"Energy taxes levied, subsidies paid, environment spending",FBE0C8,A65A20,ff_subsidy_total_pct_gdp,"Fossil fuel subsidies, total (% GDP)",Revenue forgone at home,High = more forgone,HML,1,0,0,IMF FFS (CPAT) + WEO
23,Context 1,Fossil and climate fiscal,How much fossil and climate money runs through the budget?,"Energy taxes levied, subsidies paid, environment spending",FBE0C8,A65A20,ff_subsidy_explicit_pct_gdp,of which: explicit (% GDP),Revenue forgone at home,High = more forgone,HML,1,1,0,IMF FFS (CPAT) + WEO
24,Context 1,Fossil and climate fiscal,How much fossil and climate money runs through the budget?,"Energy taxes levied, subsidies paid, environment spending",FBE0C8,A65A20,ff_subsidy_implicit_pct_gdp,of which: implicit (% GDP),Revenue forgone at home,High = more forgone,HML,1,1,0,IMF FFS (CPAT) + WEO
25,Context 1,Fossil and climate fiscal,How much fossil and climate money runs through the budget?,"Energy taxes levied, subsidies paid, environment spending",FBE0C8,A65A20,env_protection_pct_of_expenditure,Environment protection (% of expenditure),Climate-relevant spending,High = more climate spending,HML,1,0,0,World Bank BOOST COFOG 705
26,Context 2,Fossil trade and extraction,"Does the country sell fossil fuels, or buy them?","Rents, exports, imports and dependency",EFE0C9,8A6520,net_fuel_trade_pct_merch,Net fuel trade (% merch. trade),Importer / exporter position,"+ = exporter, - = importer",TRADE,1,0,1,WDI TX less TM.VAL.FUEL
27,Context 2,Fossil trade and extraction,"Does the country sell fossil fuels, or buy them?","Rents, exports, imports and dependency",EFE0C9,8A6520,fuel_exports_pct_merch,of which: fuel exports (% merch. exports),Export dependence,High = more export-dependent,HML,1,1,0,WDI TX.VAL.FUEL.ZS.UN
28,Context 2,Fossil trade and extraction,"Does the country sell fossil fuels, or buy them?","Rents, exports, imports and dependency",EFE0C9,8A6520,fuel_imports_pct_merch,of which: fuel imports (% merch. imports),Import bill relief available,High = more relief available,HML,1,1,0,WDI TM.VAL.FUEL.ZS.UN
29,Context 2,Fossil trade and extraction,"Does the country sell fossil fuels, or buy them?","Rents, exports, imports and dependency",EFE0C9,8A6520,energy_import_dep_pct,Energy import dependency (% energy use),Import bill relief available,High = more relief available,HML,1,0,0,WDI EG.IMP.CONS.ZS
30,Context 2,Fossil trade and extraction,"Does the country sell fossil fuels, or buy them?","Rents, exports, imports and dependency",EFE0C9,8A6520,fossil_rents_total_pct_gdp,"Fossil fuel rents, total (% GDP)",Extraction earnings,High = more extraction,HML,1,0,0,WDI PETR+NGAS+COAL.RT.ZS
31,Context 2,Fossil trade and extraction,"Does the country sell fossil fuels, or buy them?","Rents, exports, imports and dependency",EFE0C9,8A6520,oil_rents_pct_gdp,of which: oil rents (% GDP),Extraction earnings,High = more extraction,HML,1,1,0,WDI NY.GDP.PETR.RT.ZS
32,Context 2,Fossil trade and extraction,"Does the country sell fossil fuels, or buy them?","Rents, exports, imports and dependency",EFE0C9,8A6520,gas_rents_pct_gdp,of which: natural gas rents (% GDP),Extraction earnings,High = more extraction,HML,1,1,0,WDI NY.GDP.NGAS.RT.ZS
33,Context 2,Fossil trade and extraction,"Does the country sell fossil fuels, or buy them?","Rents, exports, imports and dependency",EFE0C9,8A6520,coal_rents_pct_gdp,of which: coal rents (% GDP),Extraction earnings,High = more extraction,HML,1,1,0,WDI NY.GDP.COAL.RT.ZS
34,Context 3,Power generation,"How is power generated today, and which way is it moving?",Abatement opportunity and renewables momentum,D4EAD8,2F6B3E,other_fossil_gen_share_pct,Oil-fired share of generation (%),Cheap abatement available,High = more opportunity,HML,1,0,1,Ember Yearly Electricity Data
35,Context 3,Power generation,"How is power generated today, and which way is it moving?",Abatement opportunity and renewables momentum,D4EAD8,2F6B3E,renewable_share_electricity_pct,Renewable share of electricity (%),Transition starting point,High = better,GMB,1,0,0,IMF FFS (CPAT)
36,Context 3,Power generation,"How is power generated today, and which way is it moving?",Abatement opportunity and renewables momentum,D4EAD8,2F6B3E,re_share_change_pp,"Renewable share, YoY change (pp)",Transition momentum,High = moving faster,GMB,1,0,0,Ember Yearly Electricity Data
37,Context 3,Power generation,"How is power generated today, and which way is it moving?",Abatement opportunity and renewables momentum,D4EAD8,2F6B3E,re_capacity_growth_pct,"Renewable capacity, YoY growth (%)",Transition momentum,High = moving faster,GMB,1,0,0,Ember Yearly Electricity Data
38,Appendix A,Fuel pricing,What do users actually pay for energy?,Reference detail - retail prices by fuel and sector,EDEDED,555555,price_diesel_usd_litre,"Diesel, retail ($/litre)",Transport fuel,High = more expensive,HML,1,0,1,IMF FFS (CPAT)
39,Appendix A,Fuel pricing,What do users actually pay for energy?,Reference detail - retail prices by fuel and sector,EDEDED,555555,price_gasoline_usd_litre,"Gasoline, retail ($/litre)",Transport fuel,High = more expensive,HML,1,0,0,IMF FFS (CPAT)
40,Appendix A,Fuel pricing,What do users actually pay for energy?,Reference detail - retail prices by fuel and sector,EDEDED,555555,price_electricity_residential_usd_kwh,"Electricity, residential ($/kWh)",Electricity,High = more expensive,HML,1,0,0,IMF FFS (CPAT)
41,Appendix A,Fuel pricing,What do users actually pay for energy?,Reference detail - retail prices by fuel and sector,EDEDED,555555,price_electricity_industry_usd_kwh,"Electricity, industry ($/kWh)",Electricity,High = more expensive,HML,1,0,0,IMF FFS (CPAT)
42,Appendix A,Fuel pricing,What do users actually pay for energy?,Reference detail - retail prices by fuel and sector,EDEDED,555555,price_gas_residential_usd_gj,"Natural gas, residential ($/GJ)",Natural gas,High = more expensive,HML,1,0,0,IMF FFS (CPAT)
43,Appendix A,Fuel pricing,What do users actually pay for energy?,Reference detail - retail prices by fuel and sector,EDEDED,555555,price_gas_industry_usd_gj,"Natural gas, industry ($/GJ)",Natural gas,High = more expensive,HML,1,0,0,IMF FFS (CPAT)
44,Appendix A,Fuel pricing,What do users actually pay for energy?,Reference detail - retail prices by fuel and sector,EDEDED,555555,price_gas_power_usd_gj,"Natural gas, power sector ($/GJ)",Natural gas,High = more expensive,HML,1,0,0,IMF FFS (CPAT)
45,Appendix A,Fuel pricing,What do users actually pay for energy?,Reference detail - retail prices by fuel and sector,EDEDED,555555,price_coal_residential_usd_gj,"Coal, residential ($/GJ)",Coal,High = more expensive,HML,1,0,0,IMF FFS (CPAT)
46,Appendix A,Fuel pricing,What do users actually pay for energy?,Reference detail - retail prices by fuel and sector,EDEDED,555555,price_coal_industry_usd_gj,"Coal, industry ($/GJ)",Coal,High = more expensive,HML,1,0,0,IMF FFS (CPAT)
47,Appendix A,Fuel pricing,What do users actually pay for energy?,Reference detail - retail prices by fuel and sector,EDEDED,555555,price_coal_power_usd_gj,"Coal, power sector ($/GJ)",Coal,High = more expensive,HML,1,0,0,IMF FFS (CPAT)
48,Appendix B,Power market regulation,How is the power sector organised and regulated?,Reference detail - market structure and policy scores,E6E6EC,4A4A5A,power_market_structure,Power market structure,Market model,1 integrated / 2 single buyer / 3 wholesale,STRUCT,0,0,1,PSRT (2013)
49,Appendix B,Power market regulation,How is the power sector organised and regulated?,Reference detail - market structure and policy scores,E6E6EC,4A4A5A,independent_regulator,Independent regulator exists (0/1),Regulatory institutions,Yes / No,YESNO,0,0,0,PSRT (2013)
50,Appendix B,Power market regulation,How is the power sector organised and regulated?,Reference detail - market structure and policy scores,E6E6EC,4A4A5A,generation_unbundled,Generation unbundled (0/1),Market model,Yes / No,YESNO,0,0,0,PSRT (2013)
51,Appendix B,Power market regulation,How is the power sector organised and regulated?,Reference detail - market structure and policy scores,E6E6EC,4A4A5A,rise_renewable_energy_score,RISE renewable energy score (0-100),RE policy environment,High = stronger framework,HML,1,0,0,World Bank RISE 2024
52,Appendix B,Power market regulation,How is the power sector organised and regulated?,Reference detail - market structure and policy scores,E6E6EC,4A4A5A,rise_level_playing_field_score,RISE levelling the playing field (0-100),RE vs fossil parity,High = more level,HML,1,0,0,World Bank RISE 2024
53,Appendix B,Power market regulation,How is the power sector organised and regulated?,Reference detail - market structure and policy scores,E6E6EC,4A4A5A,rise_ee_financing_mechanisms_score,"RISE financing mechanisms, EE (0-100)",Energy-efficiency finance,High = more developed,HML,1,0,0,World Bank RISE 2024
