file,organisation,contents,used_for,url,match_key,download_url,download_kind,download_note
dataset_...IMF_RES_WEO_9_0_0.csv,IMF World Economic Outlook,"209 economies, 2017-26: gross & net debt, revenue, expenditure, balances, GDP","Fiscal: gross debt, interest-to-revenue; GDP denominators",https://www.imf.org/external/datamapper/datasets/WEO,IMF_RES_WEO,,manual,"Data portal export. Select all countries, the fiscal + external indicators, 2017-2026."
world-imf2026.xlsx,IMF WoRLD (2026 release),"195 economies, 1980-2024, 9 revenue components, all % of GDP",Fiscal: tax revenue. Context 1: excise share,https://www.imf.org/en/topics/fiscal-policies/world-revenue-longitudinal-database,world-imf2026.xlsx,,manual,Download link on the page; JS-rendered.
imffossilfuelsubsidiesdata.xlsb,IMF Fossil Fuel Subsidies (CPAT),"186-200 economies, 2024: subsidies by fuel; renewables share",Context 1: subsidies. Context 3: renewable share,https://www.imf.org/en/topics/climate-change/energy-subsidies,imffossilfuelsubsidiesdata.xlsb,,manual,Country spreadsheet linked from the page; JS-rendered.
API_NY.GDP.PETR / NGAS / COAL.RT.ZS,WDI (Changing Wealth of Nations),"Resource rents by fuel, % GDP, to 2021",Context 2: extraction earnings,https://data.worldbank.org/indicator/NY.GDP.PETR.RT.ZS,NY_GDP_PETR,https://api.worldbank.org/v2/country/all/indicator/NY.GDP.PETR.RT.ZS?downloadformat=csv;https://api.worldbank.org/v2/country/all/indicator/NY.GDP.NGAS.RT.ZS?downloadformat=csv;https://api.worldbank.org/v2/country/all/indicator/NY.GDP.COAL.RT.ZS?downloadformat=csv,direct,
API_TX / TM.VAL.FUEL.ZS.UN,WDI (UN Comtrade / WITS),"Fuel exports & imports, % merchandise trade, SITC Rev.3 s.3, to 2024",Context 2: trade position,https://data.worldbank.org/indicator/TX.VAL.FUEL.ZS.UN,TX_VAL_FUEL,https://api.worldbank.org/v2/country/all/indicator/TX.VAL.FUEL.ZS.UN?downloadformat=csv;https://api.worldbank.org/v2/country/all/indicator/TM.VAL.FUEL.ZS.UN?downloadformat=csv,direct,
API_EG.IMP.CONS.ZS,WDI (IEA Statistics),"Net energy imports, % of energy use; negative = net exporter",Context 2: import dependency,https://data.worldbank.org/indicator/EG.IMP.CONS.ZS,EG_IMP_CONS,https://api.worldbank.org/v2/country/all/indicator/EG.IMP.CONS.ZS?downloadformat=csv,direct,
release_generation_yearly_global.csv,Ember Yearly Electricity Data,"209 economies, 1985-2025, generation & share by source",Context 3: oil-fired generation share,https://ember-energy.org/data/yearly-electricity-data/,release_generation_yearly_global.csv,,manual,Choose the yearly full release CSV.
WB_BOOST_WIDEF.csv,World Bank BOOST (harmonised),"156 economies, approved vs executed budget","PIMA: capex execution, environment protection",https://data360.worldbank.org/en/dataset/WB_BOOST,WB_BOOST_WIDEF.csv,,manual,Data360 -> download the WIDEF csv.
assessments_1787749571.csv,"PEFA, 2016 framework","123 assessments, 89 economies, 125 indicator / dimension scores","PIMA: PI-11, PI-12.2. Finance 2: PI-10.3",https://www.pefa.org/assessments/batch-downloads,assessments_1787749571.csv,,manual,"Filter Framework=2016, Type=National, Status=Final, all indicators, then download."
UNDP-Global-Climate-Public-Finance-Review-2022.pdf,UNDP Global Climate Public Finance Review (2022),Table 4.2 only: CPEIR / CCFF / CCBII / PEFA-C / C-PIMA history,PIMA: climate-PFM diagnostic on record,https://www.undp.org/publications/undp-global-climate-public-finance-review,UNDP-Global-Climate-Public-Finance-Review-2022.pdf,https://www.undp.org/sites/g/files/zskgke326/files/2022-09/UNDP-Global-Climate-Public-Finance-Review-2022.pdf,direct,
IRENA_Cost_of_financing_..._Appendix_2023.pdf,"IRENA (2022), Renewable power generation costs in 2021",99 economies; real after-tax WACC; REFERENCE YEAR 2021,Finance 1: WACC solar PV,https://www.irena.org/-/media/Files/IRENA/Agency/Publication/2023/May/IRENA_Cost_of_financing_renewable_power_Appendix_2023.pdf,IRENA_Cost_of_financing,https://www.irena.org/-/media/Files/IRENA/Agency/Publication/2023/May/IRENA_Cost_of_financing_renewable_power_Appendix_2023.pdf,direct,
SteffenEtAl2025_WACC_database.csv,"Steffen et al. (2025), Scientific Data","65 economies, 2000-22, nominal after-tax WACC",Finance 1: WACC cross-check (different basis),https://www.nature.com/articles/s41597-025-05912-x,SteffenEtAl2025_WACC_database.csv,,manual,Supplementary data file on the article page.
CofCObservatoryData.xlsx,IEA Cost of Capital Observatory,"11 economies; solar, gas, batteries; 2019, 2022-24",Finance 1: WACC evidence flag,https://www.iea.org/reports/cost-of-capital-observatory/dashboard,CofCObservatoryData.xlsx,,manual,Dashboard -> download data.
P_Data_Extract_From_International_Debt_Statistics__2_.xlsx,World Bank IDS,"134 economies, 2015-24, 19 series, counterpart = World","Finance 1: rates, spread, maturity. Finance 2: creditor mix, USD share",https://databank.worldbank.org/source/international-debt-statistics,P_Data_Extract_From_International_Debt_Statistics__2_.xlsx,,manual,"DataBank query: Country=all, Counterpart-Area=World (WLD), the 19 DT.* series, Time 2015-2024."
CRDF-RP_2024.xlsx,OECD Climate-Related Development Finance (recipient),"26k activity rows, Rio markers, adaptation / mitigation / overlap",Finance 2: mitigation finance received,https://www.oecd.org/en/topics/sub-issues/development-finance-for-climate-and-the-environment.html,CRDF-RP_2024.xlsx,,manual,"Take the RECIPIENT perspective file, not provider."
2024-PPI-Full-DTA.dta,World Bank Private Participation in Infrastructure,"11,640 projects, 133 economies, 1990-2024",Finance 2: PPI commitments (5-yr average),https://ppi.worldbank.org/en/ppidata,2024-PPI-Full-DTA.dta,,manual,Stata download of the full database.
WB_RISE_WIDEF.csv,World Bank RISE (2024 edition),"140 countries, 2010-2023, scores 0-100 across four pillars","Appendix B: RE score, levelling the playing field, EE financing",https://data360.worldbank.org/en/dataset/WB_RISE,WB_RISE_WIDEF.csv,,manual,Data360 -> download the WIDEF csv.
dataverse_files.zip (PSRT_V1_Database.dta),"Power Sector Reform Tracker, ISEP (Urpelainen & Yang)","142 non-OECD countries, 1982-2013, eight 0/1 reform flags. ENDS 2013 - structural context, not current state","Appendix B: market structure, regulator, unbundling",https://dataverse.harvard.edu/dataset.xhtml?persistentId=doi:10.7910/DVN/M7SY6X,dataverse_files.zip,https://dataverse.harvard.edu/api/access/dataset/:persistentId?persistentId=doi:10.7910/DVN/M7SY6X,direct,
rethinking_*.xlsx (six files),World Bank Rethinking Power Sector Reform,"HELD, NOT USED. 15 countries plus 3 Indian states. The cost-recovery workbook has a genuine quasi-fiscal deficit series (% GDP) but only 2010-2012",Not used - retained for reference,https://datacatalog.worldbank.org/search/dataset/0038380,,,manual,Not used by the pipeline; listed for completeness.
